ArticleId,slug,ArticleIndex,WebClipIndex,Name,title,author,date,Published,hero,status,Tags,secret,URL,Created,Updated,Attachments,Labels
ffa42356-f993-4a10-89cb-ea335a2640e3,ffa42356-f993-4a10-89cb-ea335a2640e3,1,1,1,Handling variable Dt for the game,Kailash Vetal,2016-11-12,"Nov 12, 2016",Booklet%205c493e354bdd4a7ab0abaeb978214561/alex-holyoake-Fkydl-OKd0c-unsplash.jpg,published,game development,false," http://gafferongames.com/game-physics/fix-your-timestep/ ","Dec 23, 2020 5:40 PM","Dec 23, 2020 6:40 PM",,
f6031b1a-f2c9-47b5-8567-248bd6a1ff59,f6031b1a-f2c9-47b5-8567-248bd6a1ff59,2,2,2,"KISS, DRY, and Code Principles Every Developer Should Follow",Kailash Vetal,2019-12-29,"Dec 29, 2019",Booklet%205c493e354bdd4a7ab0abaeb978214561/1_itpAdE6O7ldkLqBqvW2ZTA.jpeg,published,software development,false,https://medium.com/better-programming/kiss-dry-and-code-principles-every-developer-should-follow-b77d89f51d74,"Dec 23, 2020 5:40 PM","Dec 23, 2020 6:40 PM",,
ebfbc58d-562b-41b9-9ee7-86ca185efead,ebfbc58d-562b-41b9-9ee7-86ca185efead,3,3,3,DOOM (2016) - Graphics Study,Kailash Vetal,2016-10-10,"Oct 10, 2016",Booklet%205c493e354bdd4a7ab0abaeb978214561/doom_2016_logo.jpg,published,"game development, graphics programming, kv47.in",false,http://www.adriancourreges.com/blog/2016/09/09/doom-2016-graphics-study/,"Dec 23, 2020 5:40 PM","Dec 23, 2020 6:40 PM",,
eb93c079-69d3-4afc-b4fa-ab0529f4591a,eb93c079-69d3-4afc-b4fa-ab0529f4591a,4,4,4,Good Developers vs Bad Developers,Kailash Vetal,2020-03-08,"Mar 8, 2020",Booklet%205c493e354bdd4a7ab0abaeb978214561/0_H918SbNILoTE9IlO.jpg,published,software development,false,https://medium.com/@CodementorIO/good-developers-vs-bad-developers-fe9d2d6b582b,"Dec 23, 2020 5:40 PM","Dec 23, 2020 6:40 PM",,
e3f77aed-7f42-4a64-9894-8e1619a4fb67,e3f77aed-7f42-4a64-9894-8e1619a4fb67,5,5,5,"awesome-selfhosted: A list of Free Software network services and web applications which can be hosted locally. ",Kailash Vetal,2019-08-11,"Aug 11, 2019",https://images.squarespace-cdn.com/content/v1/506910b184ae5a723be4b21f/1573925737956-DQSF64PJB8HMF4G9QODU/ke17ZwdGBToddI8pDm48kMihdU5KGx3DkgYPKQ4aMw8UqsxRUqqbr1mOJYKfIPR7LoDQ9mXPOjoJoqy81S2I8N_N4V1vUb5AoIIIbLZhVYxCRW4BPu10St3TBAUQYVKch5REcN7JvqiccXzcaoKAyzJ-iOCnr2sCJG4JqmGY7jKoMMNJJ4Pp7ZuWCUShgF7o/awesome-Rect-1024x781.jpg,published,"git, software development, tools",false,https://github.com/awesome-selfhosted/awesome-selfhosted#social-networks-and-forums,"Dec 23, 2020 5:40 PM","Dec 23, 2020 6:40 PM",,"Blog, notion"
dc81ac91-ee34-4c87-973c-c91cea537f8e,dc81ac91-ee34-4c87-973c-c91cea537f8e,6,6,6,Twenty-one ways to be a Crappy Software Developer,Kailash Vetal,2020-03-11,"Mar 11, 2020",Booklet%205c493e354bdd4a7ab0abaeb978214561/yakobchukolenaistock-912498514.jpg,published,"kv47.in, software development",false,https://medium.com/nickonsoftware/twenty-one-ways-to-be-a-crappy-software-developer-c69e4b39c5df,"Dec 23, 2020 5:40 PM","Dec 23, 2020 6:40 PM",,
bf390a8f-3981-4f33-99a7-3480f8dfc1d2,bf390a8f-3981-4f33-99a7-3480f8dfc1d2,7,7,7,SOLID Principles For Software Developers,Kailash Vetal,2016-02-12,"Feb 12, 2016",Booklet%205c493e354bdd4a7ab0abaeb978214561/kevin-ku-w7ZyuGYNpRQ-unsplash.jpg,published,"kailashvetal.co.in, kv47.in, software development",false,http://www.doolwind.com/blog/solid-principles-for-game-developers/,"Dec 23, 2020 5:40 PM","Dec 23, 2020 6:40 PM",,
ae80bd04-9ce1-4d57-b99f-4bb6feaa1c9d,ae80bd04-9ce1-4d57-b99f-4bb6feaa1c9d,8,8,8,Avoiding Shader Conditionals,Kailash Vetal,2017-07-12,"Jul 12, 2017",Booklet%205c493e354bdd4a7ab0abaeb978214561/Backchannel-Lena-Soderberg-FA.jpg,published,empty,false,http://theorangeduck.com/page/avoiding-shader-conditionals,"Dec 23, 2020 5:40 PM","Dec 23, 2020 6:40 PM",,
9bce4d71-de48-42f4-977f-da2b9007e345,9bce4d71-de48-42f4-977f-da2b9007e345,9,9,9,Unity - make your lists functional with ReorderableList,Kailash Vetal,2016-10-24,"Oct 24, 2016",Booklet%205c493e354bdd4a7ab0abaeb978214561/unity2.png,published,"kv47.in, unity3d",false,https://va.lent.in/unity-make-your-lists-functional-with-reorderablelist/,"Dec 23, 2020 5:40 PM","Dec 23, 2020 6:40 PM",,
912ddccc-f2b0-4b06-a03c-76b816e937f5,912ddccc-f2b0-4b06-a03c-76b816e937f5,10,10,10,Sync BitBucket and GitHub,Kailash Vetal,2017-01-15,"Jan 15, 2017",https://miro.medium.com/max/800/1*gAg-EeppFgWPHxqwKQUl7A.png,published,"git, tools",false,https://aaronsaray.com/2016/sync-bitbucket-and-github,"Dec 23, 2020 5:40 PM","Dec 23, 2020 6:40 PM",,Blog
7f2e578d-3f2e-4bcd-a1b6-a8ef2fcd21b3,7f2e578d-3f2e-4bcd-a1b6-a8ef2fcd21b3,11,11,11,From STUPID to SOLID Code,Kailash Vetal,2016-12-07,"Dec 7, 2016",Booklet%205c493e354bdd4a7ab0abaeb978214561/clement-h-95YRwf6CNw8-unsplash.jpg,published,"kailashvetal.co.in, kv47.in, software development",false,https://williamdurand.fr/2013/07/30/from-stupid-to-solid-code/#tight-coupling,"Dec 23, 2020 5:40 PM","Dec 23, 2020 6:40 PM",,
5c2bf1cc-356b-4caf-8456-8a05cc9ebaab,5c2bf1cc-356b-4caf-8456-8a05cc9ebaab,12,12,12,Writing Good Commit Messages A Practical Guide,Kailash Vetal,2019-11-28,"Nov 28, 2019",Booklet%205c493e354bdd4a7ab0abaeb978214561/luke-chesser-LG8ToawE8WQ-unsplash.jpg,published,"git, software development",false,https://www.freecodecamp.org/news/writing-good-commit-messages-a-practical-guide/,"Dec 23, 2020 5:40 PM","Dec 23, 2020 6:40 PM",,
4e7a5f84-ced5-4224-922c-1a4a00c30f0a,4e7a5f84-ced5-4224-922c-1a4a00c30f0a,13,13,13,What Is Tech Debt,Kailash Vetal,2019-12-25,"Dec 25, 2019",Booklet%205c493e354bdd4a7ab0abaeb978214561/helloquence-5fNmWej4tAA-unsplash.jpg,published,"project management, software development",false,https://dzone.com/articles/what-is-tech-debt-and-how-to-explain-it-to-non-tec,"Dec 23, 2020 5:40 PM","Dec 23, 2020 6:40 PM",,
4df2e2ac-52d0-44fa-b229-ea99040bab9c,4df2e2ac-52d0-44fa-b229-ea99040bab9c,14,14,14,Simple easing formulae,Kailash Vetal,2017-01-08,"Jan 8, 2017",Booklet%205c493e354bdd4a7ab0abaeb978214561/aRiKXA.jpg,published,"graphics programming, tools",false,"http://gizma.com/easing/ ","Dec 23, 2020 5:40 PM","Dec 23, 2020 6:40 PM",,
49ad69e8-ad7f-4261-8fa2-183722322cb1,49ad69e8-ad7f-4261-8fa2-183722322cb1,15,15,15,"5 Great Programming Books Rarely Mentioned in ""Great Programming Books""",Kailash Vetal,2019-12-05,"Dec 5, 2019",Booklet%205c493e354bdd4a7ab0abaeb978214561/hero.jpg,published,empty,false,https://dev.to/erikwhiting88/5-great-programming-books-rarely-mentioned-in-great-programming-books-articles-4l5j,"Dec 23, 2020 5:40 PM","Dec 23, 2020 6:40 PM",,
3f61e803-1716-4dca-8c3b-26836015a8c5,3f61e803-1716-4dca-8c3b-26836015a8c5,16,16,16,"If You’re Using “#if DEBUG”, You’re Doing it Wrong",Kailash Vetal,2019-09-16,"Sep 16, 2019",Booklet%205c493e354bdd4a7ab0abaeb978214561/max-nelson-taiuG8CPKAQ-unsplash.jpg,published,"c#, software development",false,https://blogs.msmvps.com/peterritchie/2011/11/24/if-you-re-using-if-debug-you-re-doing-it-wrong/,"Dec 23, 2020 5:40 PM","Dec 23, 2020 6:40 PM",,"evernote, postach.io"
3ea40340-67d5-46dd-9abe-796e89c47667,3ea40340-67d5-46dd-9abe-796e89c47667,17,17,17,Joots tool for analysing colour schemes.,Kailash Vetal,2016-07-25,"Jul 25, 2016",Booklet%205c493e354bdd4a7ab0abaeb978214561/ruvim-noga-pazM9TQJ2Ck-unsplash.jpg,published,"game development, kv47.in, tools",false,http://joostdevblog.blogspot.com/2015/01/a-tool-for-analysing-colour-schemes.html,"Dec 23, 2020 5:40 PM","Dec 23, 2020 6:40 PM",,
3afaacb8-a0e5-4ae7-ac22-992ab8e5987e,3afaacb8-a0e5-4ae7-ac22-992ab8e5987e,18,18,18,Best Developer Communities to be part of in 2020,Kailash Vetal,2020-03-11,"Mar 11, 2020",https://www.freecodecamp.org/news/content/images/size/w2000/2020/03/banner-dev-community-high-res-v5.png,published,"software development, tools",false,https://www.freecodecamp.org/news/best-developer-communities-to-be-part-of-in-2020/,"Dec 23, 2020 5:40 PM","Dec 23, 2020 6:40 PM",,notion
16f40295-4cf4-40c7-8a3e-9ff3a1ba5114,16f40295-4cf4-40c7-8a3e-9ff3a1ba5114,19,19,19,Semantic Versioning 2.0.0 | Semantic Versioning,Kailash Vetal,2020-03-09,"Mar 9, 2020",Booklet%205c493e354bdd4a7ab0abaeb978214561/arvin-mantilla-YCIqvvIn55M-unsplash.jpg,published,"git, software development, tools",false,https://semver.org/spec/v2.0.0.html,"Dec 23, 2020 5:40 PM","Dec 23, 2020 6:40 PM",,
119e3912-b458-40b3-ae61-9ff74d679165,119e3912-b458-40b3-ae61-9ff74d679165,20,20,20,Git for Unity Developers,Kailash Vetal,2016-01-31,"Jan 31, 2016",Booklet%205c493e354bdd4a7ab0abaeb978214561/yancy-min-842ofHC6MaI-unsplash.jpg,published,"git, software development, unity3d",false,https://www.gamasutra.com/blogs/AlistairDoulin/20150304/237814/Git_for_Unity_Developers.php,"Dec 23, 2020 5:40 PM","Dec 23, 2020 6:40 PM",,
030bdd42-3c2e-4c83-a38d-2c700cc79882,030bdd42-3c2e-4c83-a38d-2c700cc79882,21,21,21,John Carmack on Inlined Code,Kailash Vetal,2017-02-25,"Feb 25, 2017",Booklet%205c493e354bdd4a7ab0abaeb978214561/john_530_big-pcgh.jpg,published,"game development, software development",false,http://number-none.com/blow/blog/programming/2014/09/26/carmack-on-inlined-code.html,"Dec 23, 2020 5:40 PM","Dec 23, 2020 6:40 PM",,
5f8c06a0-8a83-45a0-9a4f-12da7df04230,5f8c06a0-8a83-45a0-9a4f-12da7df04230,22,22,22,Unity Stipple Transparency Shader,Kailash Vetal,2020-03-05,"Mar 5, 2020",Booklet%205c493e354bdd4a7ab0abaeb978214561/lemonTransparency5-825x510.png,publish-ready,,false,https://ocias.com/blog/unity-stipple-transparency-shader/,"Dec 23, 2020 5:40 PM","Dec 23, 2020 6:40 PM",,"Blog, notion"
,,,,novela-md-template,template,Kailash Vetal,2020-03-01,"Mar 1, 2020",,draft,empty,true,,"Dec 23, 2020 5:40 PM","Dec 23, 2020 5:40 PM",,
30feda74-cf23-4a30-b09e-44dacb418f98,30feda74-cf23-4a30-b09e-44dacb418f98,65,65,65,How to write unmaintainable code - Peter Hilton,Kailash Vetal,,,,,,true,https://hilton.org.uk/blog/how-to-write-unmaintainable-code,"Dec 23, 2020 5:58 PM","Dec 23, 2020 6:40 PM",,
353e7219-be21-45bc-8fe4-39960f4ded72,353e7219-be21-45bc-8fe4-39960f4ded72,46,46,46,"Why Are Null-Coalescing Operators (??, ??=) Evil in Unity?",Kailash Vetal,,,,,,true,https://medium.com/@nosuchstudio/why-are-null-coalescing-operators-evil-in-unity-16f5a88d6071,"Dec 23, 2020 5:58 PM","Dec 23, 2020 6:40 PM",,
3d070b97-728f-4596-9f32-77b9c536cd53,3d070b97-728f-4596-9f32-77b9c536cd53,197,197,197,"What Is the “God Mode” Folder in Windows 10, and How Do I Enable It?",Kailash Vetal,,,,,,true,https://www.howtogeek.com/402458/enable-god-mode-in-windows-10/,"Dec 23, 2020 5:58 PM","Dec 23, 2020 6:40 PM",,
2a398d9c-eeb9-4217-8bbc-e660596513ce,2a398d9c-eeb9-4217-8bbc-e660596513ce,171,171,171,Release eljun · openzfsonwindows/ZFSin,Kailash Vetal,,,,,,true,https://github.com/openzfsonwindows/ZFSin/releases/tag/0.24,"Dec 23, 2020 5:58 PM","Dec 23, 2020 6:40 PM",,
2dd2151b-75cf-41d3-8a3d-eca33017e191,2dd2151b-75cf-41d3-8a3d-eca33017e191,127,127,127,Heimdall Application Dashboard,Kailash Vetal,,,,,,true,https://heimdall.site/,"Dec 23, 2020 5:58 PM","Dec 23, 2020 6:40 PM",,
2e25bf5f-11dc-4633-86b6-2d85f5764ce4,2e25bf5f-11dc-4633-86b6-2d85f5764ce4,86,86,86,What makes the difference between a GOOD Scrum Master and a GREAT Scrum Master? | Scrum.org,Kailash Vetal,,,,,,true,https://www.scrum.org/resources/blog/what-makes-difference-between-good-scrum-master-and-great-scrum-master,"Dec 23, 2020 5:58 PM","Dec 23, 2020 6:40 PM",,
230eef97-1500-446f-87b1-0f884fe49155,230eef97-1500-446f-87b1-0f884fe49155,168,168,168,installation error pls help | Proxmox Support Forum,Kailash Vetal,,,,,,true,https://forum.proxmox.com/threads/installation-error-pls-help.69578/,"Dec 23, 2020 5:58 PM","Dec 23, 2020 6:40 PM",,
a81ff20e-6449-4914-8701-56838606883c,a81ff20e-6449-4914-8701-56838606883c,183,183,183,An Extremely Simple Method for Listening to Music - Album on Imgur,Kailash Vetal,,,,,,true,https://imgur.com/a/ZIkUyRv,"Dec 23, 2020 5:58 PM","Dec 23, 2020 6:40 PM",,
be48151e-d526-43ca-9792-f4a2af8b9768,be48151e-d526-43ca-9792-f4a2af8b9768,157,157,157,FreeRDP/FreeRDP: FreeRDP is a free remote desktop protocol library and clients,Kailash Vetal,,,,,,true,https://github.com/FreeRDP/FreeRDP,"Dec 23, 2020 5:58 PM","Dec 23, 2020 6:40 PM",,
24438891-8bd1-4d1e-b5bd-f25c32871002,24438891-8bd1-4d1e-b5bd-f25c32871002,121,121,121,Deploy Proxmox virtual machines using Cloud-init,Kailash Vetal,,,,,,true,https://norocketscience.at/deploy-proxmox-virtual-machines-using-cloud-init/,"Dec 23, 2020 5:58 PM","Dec 23, 2020 6:40 PM",,
6157e071-e586-4d51-824a-40857479c63b,6157e071-e586-4d51-824a-40857479c63b,72,72,72,Squash git commits when merging · devroom.io,Kailash Vetal,,,,,,true,https://www.devroom.io/2016/08/17/squash-git-commits-when-merging/,"Dec 23, 2020 5:58 PM","Dec 23, 2020 6:40 PM",,
5430017e-3c8b-4aa7-929b-7eaac6827127,5430017e-3c8b-4aa7-929b-7eaac6827127,163,163,163,Hiren's BootCD PE,Kailash Vetal,,,,,,true,https://www.hirensbootcd.org/,"Dec 23, 2020 5:58 PM","Dec 23, 2020 6:40 PM",,
950ef89c-57bc-40b9-86c5-93cdbf97aff5,950ef89c-57bc-40b9-86c5-93cdbf97aff5,131,131,131,Installation - HomelabOS,Kailash Vetal,,,,,,true,https://homelabos.com/docs/setup/installation/,"Dec 23, 2020 5:58 PM","Dec 23, 2020 6:40 PM",,
e4a5b56a-0294-46e8-8399-9b5216f824b8,e4a5b56a-0294-46e8-8399-9b5216f824b8,109,109,109,LibHunt,Kailash Vetal,,,,,,true,https://www.libhunt.com/,"Dec 23, 2020 5:58 PM","Dec 23, 2020 6:40 PM",,
78aef262-e480-4a5d-a3a2-839450ce4b1b,78aef262-e480-4a5d-a3a2-839450ce4b1b,97,97,97,"Watch ""Bertha Benz: The Journey That Changed Everything"" on YouTube",Kailash Vetal,,,,,,true,https://youtu.be/vsGrFYD5Nfs,"Dec 23, 2020 5:58 PM","Dec 23, 2020 6:40 PM",,
a04448c1-ab6d-462c-9f48-b2020ecac46c,a04448c1-ab6d-462c-9f48-b2020ecac46c,29,29,29,Joplin - an open source note taking and to-do application with synchronisation capabilities,Kailash Vetal,,,,,,true,https://joplinapp.org/,"Dec 23, 2020 5:58 PM","Dec 23, 2020 6:40 PM",,
c4703434-e078-462a-bf5e-c705a1d8ab3c,c4703434-e078-462a-bf5e-c705a1d8ab3c,132,132,132,Modern Dev Environment Delivered · Koding,Kailash Vetal,,,,,,true,https://www.koding.com/,"Dec 23, 2020 5:58 PM","Dec 23, 2020 6:40 PM",,
56258131-6646-4e38-85b1-00b34e532b6e,56258131-6646-4e38-85b1-00b34e532b6e,25,25,25,Bruggen Blog: Using LoadCSV to Import data from Google Spreadsheet,Kailash Vetal,,,,,,true,http://blog.bruggen.com/2014/07/using-loadcsv-to-import-data-from.html,"Dec 23, 2020 5:58 PM","Dec 23, 2020 6:40 PM",,
30922a7f-189b-4366-a9d3-99d86b6985bf,30922a7f-189b-4366-a9d3-99d86b6985bf,36,36,36,Alternative Internet,Kailash Vetal,,,,,,true,http://redecentralize.github.io/alternative-internet/,"Dec 23, 2020 5:58 PM","Dec 23, 2020 6:40 PM",,
16122277-3ffe-497c-8a8b-0f67b41b021c,16122277-3ffe-497c-8a8b-0f67b41b021c,166,166,166,CIFS speeds with FreeNAS on Proxmox? | ServeTheHome Forums,Kailash Vetal,,,,,,true,https://forums.servethehome.com/index.php?threads/cifs-speeds-with-freenas-on-proxmox.8163/,"Dec 23, 2020 5:58 PM","Dec 23, 2020 6:40 PM",,
8b3da84d-3a20-47de-8e4a-f4c4c14e10ac,8b3da84d-3a20-47de-8e4a-f4c4c14e10ac,113,113,113,"Ultimate Xiaomi Mijia MI SPHERE 360 Camera FAQ, Wiki and Resource Page (updated February 12, 2019) - 360 Rumors",Kailash Vetal,,,,,,true,https://360rumors.com/ultimate-xiaomi-mijia-mi-sphere-360-camera-faq-wiki-and-resource-page/#software,"Dec 23, 2020 5:58 PM","Dec 23, 2020 6:40 PM",,
6beffcb5-b9da-4271-a408-876ebe0bd0b5,6beffcb5-b9da-4271-a408-876ebe0bd0b5,71,71,71,Refactoring techniques,Kailash Vetal,,,,,,true,https://sourcemaking.com/refactoring/refactorings,"Dec 23, 2020 5:58 PM","Dec 23, 2020 6:40 PM",,
61b56662-34c8-4343-b193-200ab02d2d15,61b56662-34c8-4343-b193-200ab02d2d15,135,135,135,cjessett/tinc-config: Tinc VPN configuration for accessing a server behind a firewall,Kailash Vetal,,,,,,true,https://github.com/cjessett/tinc-config,"Dec 23, 2020 5:58 PM","Dec 23, 2020 6:40 PM",,
dd038c2d-86dc-479d-b7e5-6286ebb36b44,dd038c2d-86dc-479d-b7e5-6286ebb36b44,147,147,147,How to set up network file sharing on FreeNAS • Pureinfotech,Kailash Vetal,,,,,,true,https://pureinfotech.com/setup-network-file-sharing-freenas/,"Dec 23, 2020 5:58 PM","Dec 23, 2020 6:40 PM",,
91ebbcf1-01d8-478c-a0d2-19d3e6a72760,91ebbcf1-01d8-478c-a0d2-19d3e6a72760,192,192,192,Redefining Rich: How Minimalism Leads to a More Meaningful Life - Rich in What Matters,Kailash Vetal,,,,,,true,https://richinwhatmatters.com/2020/10/24/redefining-rich-how-minimalism-leads-to-a-more-meaningful-life/,"Dec 23, 2020 5:58 PM","Dec 23, 2020 6:40 PM",,
ef96ab81-a150-450a-8165-20500f8e876b,ef96ab81-a150-450a-8165-20500f8e876b,85,85,85,How to make successful hyper-casual games | Adjust,Kailash Vetal,,,,,,true,https://www.adjust.com/blog/how-to-make-a-hyper-casual-game-successful/,"Dec 23, 2020 5:58 PM","Dec 23, 2020 6:40 PM",,
6bf00400-dfbb-4819-be4b-d17c5060a894,6bf00400-dfbb-4819-be4b-d17c5060a894,156,156,156,ThinStation by Donald A. Cupp Jr.,Kailash Vetal,,,,,,true,https://thinstation.github.io/thinstation/,"Dec 23, 2020 5:58 PM","Dec 23, 2020 6:40 PM",,
36960020-3d25-436d-a4b3-1f927d3a4c4c,36960020-3d25-436d-a4b3-1f927d3a4c4c,59,59,59,CMS Implementation based on Neo4j - Neo4j Graph Database Platform,Kailash Vetal,,,,,,true,https://neo4j.com/news/cms-implementation-based-on-neo4j/,"Dec 23, 2020 5:58 PM","Dec 23, 2020 6:40 PM",,
92c004be-1b63-4e03-869f-d8985fca7a14,92c004be-1b63-4e03-869f-d8985fca7a14,129,129,129,Productivity App - Station,Kailash Vetal,,,,,,true,https://getstation.com/,"Dec 23, 2020 5:58 PM","Dec 23, 2020 6:40 PM",,
b090ceed-75c4-4a21-b6e5-e2ffc0ee493d,b090ceed-75c4-4a21-b6e5-e2ffc0ee493d,78,78,78,7 Best self-hosted Slack alternatives of 2019 | SaasGenius,Kailash Vetal,,,,,,true,http://www.saasgenius.com/blog/7-best-self-hosted-slack-alternatives-2019,"Dec 23, 2020 5:58 PM","Dec 23, 2020 6:40 PM",,
38fc195d-0a1d-4f26-9107-bf12be55bc0c,38fc195d-0a1d-4f26-9107-bf12be55bc0c,173,173,173,Stop laptop going to sleep when closing the lid (UBUNTU Server) - Dell Community,Kailash Vetal,,,,,,true,https://www.dell.com/community/Linux-General/Stop-laptop-going-to-sleep-when-closing-the-lid-UBUNTU-Server/td-p/6086201,"Dec 23, 2020 5:58 PM","Dec 23, 2020 6:40 PM",,
bd9ead13-80a7-4e6b-924c-573c1e18de47,bd9ead13-80a7-4e6b-924c-573c1e18de47,55,55,55,Visualizing BloodHound Data with PowerBI — Part 2 - Posts By SpecterOps Team Members,Kailash Vetal,,,,,,true,https://posts.specterops.io/visualizing-bloodhound-data-with-powerbi-part-2-3e1c521fb7ae,"Dec 23, 2020 5:58 PM","Dec 23, 2020 6:40 PM",,
4a9a216e-c62b-45d9-8538-23a30c676bbb,4a9a216e-c62b-45d9-8538-23a30c676bbb,138,138,138,How to expose a local development server to the Internet | by Michel Blancard | Botfuel | Medium,Kailash Vetal,,,,,,true,https://medium.com/botfuel/how-to-expose-a-local-development-server-to-the-internet-c31532d741cc,"Dec 23, 2020 5:58 PM","Dec 23, 2020 6:40 PM",,
decd3365-9ff4-45af-9077-8424d04385df,decd3365-9ff4-45af-9077-8424d04385df,150,150,150,"ThinStation by Donald A. Cupp Jr.
- Linux RDP",Kailash Vetal,,,,,,true,http://thinstation.org/,"Dec 23, 2020 5:58 PM","Dec 23, 2020 6:40 PM",,
69dab3f4-24c6-4101-8be3-a9870b36a707,69dab3f4-24c6-4101-8be3-a9870b36a707,172,172,172,Lid closing on laptop error | Proxmox Support Forum,Kailash Vetal,,,,,,true,https://forum.proxmox.com/threads/lid-closing-on-laptop-error.43311/,"Dec 23, 2020 5:58 PM","Dec 23, 2020 6:40 PM",,
88b268f7-392c-4dcb-b8f3-26d8b61935fb,88b268f7-392c-4dcb-b8f3-26d8b61935fb,176,176,176,First steps in Proxmox [Documentation - Online.net],Kailash Vetal,,,,,,true,https://documentation.online.net/en/dedicated-server/tutorials/administration/proxmox-first-step,"Dec 23, 2020 5:58 PM","Dec 23, 2020 6:40 PM",,
45c912d8-2427-4569-b37f-1a5f4d2d604a,45c912d8-2427-4569-b37f-1a5f4d2d604a,38,38,38,"Yes, I’ve Changed - I’ve Started Cutting People Off And Respecting Myself More",Kailash Vetal,,,,,,true,https://thepowerofsilence.co/yes-ive-changed-ive-started-cutting-people-off-and-respecting-myself-more/,"Dec 23, 2020 5:58 PM","Dec 23, 2020 6:40 PM",,
8edb2a59-02de-40ab-9762-5d1b6a331436,8edb2a59-02de-40ab-9762-5d1b6a331436,180,180,180,Developer Workstations with Proxmox VE and X11 - Proxmox VE,Kailash Vetal,,,,,,true,https://pve.proxmox.com/wiki/Developer_Workstations_with_Proxmox_VE_and_X11,"Dec 23, 2020 5:58 PM","Dec 23, 2020 6:40 PM",,
7b6f7a8f-5fa2-4f02-bc7d-7bc9d2d705c5,7b6f7a8f-5fa2-4f02-bc7d-7bc9d2d705c5,186,186,186,The Difference Between a Story and a Task,Kailash Vetal,,,,,,true,"https://www.mountaingoatsoftware.com/blog/the-difference-between-a-story-and-a-task#:~:text=A%20story%20is%20something%20that,on%20by%20just%20one%20person.&text=A%20user%20story%20is%20typically,be%20visible%20to%20end%20users.","Dec 23, 2020 5:58 PM","Dec 23, 2020 6:40 PM",,
5c5892fc-c6ba-4b9f-9b20-7f8dce81c09b,5c5892fc-c6ba-4b9f-9b20-7f8dce81c09b,194,194,194,Accelerate Storage Spaces with SSDs in Windows 10 Storage Pool tiers,Kailash Vetal,,,,,,true,http://joe.blog.freemansoft.com/2020/04/accelerate-storage-spaces-with-ssds-in.html,"Dec 23, 2020 5:58 PM","Dec 23, 2020 6:40 PM",,
72c0a922-b933-4f46-b7c6-956a4705df63,72c0a922-b933-4f46-b7c6-956a4705df63,94,94,94,Smells to Refactorings,Kailash Vetal,,,,,,true,http://www.industriallogic.com/wp-content/uploads/2005/09/smellstorefactorings.pdf,"Dec 23, 2020 5:58 PM","Dec 23, 2020 6:40 PM",,
8c58fcc3-9a02-4dad-a69a-de0c1f6f03d5,8c58fcc3-9a02-4dad-a69a-de0c1f6f03d5,44,44,44,Compulsive Contents - Minimalism - Of Limits and Possibilities,Kailash Vetal,,,,,,true,https://www.compulsivecontents.com/detail-event/minimalism---of-limits-and-possibilities/,"Dec 23, 2020 5:58 PM","Dec 23, 2020 6:40 PM",,
d114bc75-69a1-4792-8c55-9d51e0f31839,d114bc75-69a1-4792-8c55-9d51e0f31839,152,152,152,Game Streaming - Play Anywhere | Rainway - Game Server,Kailash Vetal,,,,,,true,https://rainway.com/,"Dec 23, 2020 5:58 PM","Dec 23, 2020 6:40 PM",,
b28e6d1e-3a1c-4aa0-a7e7-08e04168050f,b28e6d1e-3a1c-4aa0-a7e7-08e04168050f,142,142,142,VM Templates and Clones - Proxmox VE,Kailash Vetal,,,,,,true,https://pve.proxmox.com/wiki/VM_Templates_and_Clones,"Dec 23, 2020 5:58 PM","Dec 23, 2020 6:40 PM",,
e101689f-4e13-43dc-b263-c69bc3944788,e101689f-4e13-43dc-b263-c69bc3944788,188,188,188,Top 10 Ways To Survive A Ryanair Flight – The Points Guy,Kailash Vetal,,,,,,true,https://thepointsguy.com/2014/03/top-10-ways-to-survive-a-ryanair-flight/,"Dec 23, 2020 5:58 PM","Dec 23, 2020 6:40 PM",,
00f0f427-4116-4199-97ff-868b560cd120,00f0f427-4116-4199-97ff-868b560cd120,50,50,50,Other Types of Graph Visualization - Neo4j Graph Database Platform,Kailash Vetal,,,,,,true,https://neo4j.com/developer/other-graph-visualizations/,"Dec 23, 2020 5:58 PM","Dec 23, 2020 6:40 PM",,
3e4c2d9e-bab7-47a3-a78a-b8faad120624,3e4c2d9e-bab7-47a3-a78a-b8faad120624,190,190,190,USB Passthrough to an LXC (Proxmox) | by Konpat Ta Preechakul | Medium,Kailash Vetal,,,,,,true,https://medium.com/@konpat/usb-passthrough-to-an-lxc-proxmox-15482674f11d,"Dec 23, 2020 5:58 PM","Dec 23, 2020 6:40 PM",,
87728ecb-f36e-401f-9c55-269f2000452b,87728ecb-f36e-401f-9c55-269f2000452b,37,37,37,BaaS Open Source - George Batschinski - Medium,Kailash Vetal,,,,,,true,https://medium.com/@george_51059/baas-open-source-5ba96ca221a0,"Dec 23, 2020 5:58 PM","Dec 23, 2020 6:40 PM",,
30f88b90-f89e-4895-85e7-229e0b017018,30f88b90-f89e-4895-85e7-229e0b017018,196,196,196,"Digital storage basics, Part 2: External drive vs. NAS server - CNET",Kailash Vetal,,,,,,true,https://www.cnet.com/how-to/digital-storage-basics-part-2-external-drive-vs-nas-server/,"Dec 23, 2020 5:58 PM","Dec 23, 2020 6:40 PM",,
906eb892-e134-4d7a-a249-d5a7cea2f5c2,906eb892-e134-4d7a-a249-d5a7cea2f5c2,143,143,143,Storage: Directory - Proxmox VE,Kailash Vetal,,,,,,true,https://pve.proxmox.com/wiki/Storage:_Directory,"Dec 23, 2020 5:58 PM","Dec 23, 2020 6:44 PM",,
3140dc1a-9d1a-4f42-83a2-1336c87b0801,3140dc1a-9d1a-4f42-83a2-1336c87b0801,125,125,125,How to mount usb drive in a linux system,Kailash Vetal,,,,,,true,https://www.tutorialspoint.com/how-to-mount-usb-drive-in-a-linux-system,"Dec 23, 2020 5:58 PM","Dec 23, 2020 6:40 PM",,
2b658228-eae0-41ba-a563-1a7061cf9504,2b658228-eae0-41ba-a563-1a7061cf9504,106,106,106,Website hosting on Raspberry Pi 4 with Mythic Beasts - Raspberry Pi,Kailash Vetal,,,,,,true,https://www.raspberrypi.org/blog/website-hosting-on-raspberry-pi-4-with-mythic-beasts/,"Dec 23, 2020 5:58 PM","Dec 23, 2020 6:40 PM",,
3757369e-3899-4fb6-97cf-b9c8f77efd69,3757369e-3899-4fb6-97cf-b9c8f77efd69,136,136,136,Using tinc to access a home server,Kailash Vetal,,,,,,true,https://news.knowledia.com/US/en/articles/using-tinc-to-access-a-home-server-c1619504b2c9911d0d6bc48303c7ea4e41c36f55,"Dec 23, 2020 5:58 PM","Dec 23, 2020 6:40 PM",,
7f2f6dbf-101c-48c8-abeb-317560238520,7f2f6dbf-101c-48c8-abeb-317560238520,117,117,117,xkcd: Phantom Menace,Kailash Vetal,,,,,,true,https://xkcd.com/991/,"Dec 23, 2020 5:58 PM","Dec 23, 2020 6:40 PM",,
c9dd99cd-9471-48e9-9900-723b7db7631d,c9dd99cd-9471-48e9-9900-723b7db7631d,120,120,120,Using tinc to access a home server – Jordan Crawford,Kailash Vetal,,,,,,true,https://jordancrawford.kiwi/setting-up-tinc/,"Dec 23, 2020 5:58 PM","Dec 23, 2020 6:40 PM",,
e4ee785a-b51a-4e3c-a4e4-886419ab9edb,e4ee785a-b51a-4e3c-a4e4-886419ab9edb,160,160,160,Graphics Card Comparison Chart,Kailash Vetal,,,,,,true,https://www.logicalincrements.com/articles/graphicscardcomparison,"Dec 23, 2020 5:58 PM","Dec 23, 2020 6:40 PM",,
6423debb-1d13-47c1-ab02-0f59b98eb63e,6423debb-1d13-47c1-ab02-0f59b98eb63e,184,184,184,AspNetCoreDiagnosticScenarios/AsyncGuidance.md at master · davidfowl/AspNetCoreDiagnosticScenarios,Kailash Vetal,,,,,,true,https://github.com/davidfowl/AspNetCoreDiagnosticScenarios/blob/master/AsyncGuidance.md,"Dec 23, 2020 5:58 PM","Dec 23, 2020 6:40 PM",,
a4be30ee-4ed4-4666-9ec7-659bcaf14ed1,a4be30ee-4ed4-4666-9ec7-659bcaf14ed1,151,151,151,Moonlight Game Streaming: Play Your PC Games Remotely - Game Server,Kailash Vetal,,,,,,true,https://moonlight-stream.org/,"Dec 23, 2020 5:58 PM","Dec 23, 2020 6:40 PM",,
5805c9f8-c402-44b4-8444-8a6437ffc154,5805c9f8-c402-44b4-8444-8a6437ffc154,92,92,92,9 Simple Ways to Deal With Stress at Work,Kailash Vetal,,,,,,true,https://www.verywellmind.com/how-to-deal-with-stress-at-work-3145273,"Dec 23, 2020 5:58 PM","Dec 23, 2020 6:40 PM",,
281366ab-9e37-43c6-b0b8-a36606497934,281366ab-9e37-43c6-b0b8-a36606497934,137,137,137,Using tinc to access a home server – Jordan Crawford,Kailash Vetal,,,,,,true,https://jordancrawford.kiwi/setting-up-tinc/,"Dec 23, 2020 5:58 PM","Dec 23, 2020 6:40 PM",,
89822bac-0b54-4ac1-b5a8-7454bd9a3a3b,89822bac-0b54-4ac1-b5a8-7454bd9a3a3b,107,107,107,Observer vs Pub-Sub pattern | Hacker Noon,Kailash Vetal,,,,,,true,https://hackernoon.com/observer-vs-pub-sub-pattern-50d3b27f838c,"Dec 23, 2020 5:58 PM","Dec 23, 2020 6:40 PM",,
5db28e4c-b6ce-4774-ad4f-54665f4b86e5,5db28e4c-b6ce-4774-ad4f-54665f4b86e5,49,49,49,Managing Git projects with submodules and subtrees | Opensource.com,Kailash Vetal,,,,,,true,https://opensource.com/article/20/5/git-submodules-subtrees,"Dec 23, 2020 5:58 PM","Dec 23, 2020 6:40 PM",,
10ba778e-9309-4996-8263-abe5ddcc5ae2,10ba778e-9309-4996-8263-abe5ddcc5ae2,115,115,115,Deep JavaScript: Theory and techniques,Kailash Vetal,,,,,,true,https://exploringjs.com/deep-js/index.html,"Dec 23, 2020 5:58 PM","Dec 23, 2020 6:40 PM",,
4389fc20-5f64-47b1-a6c2-f1b96d321930,4389fc20-5f64-47b1-a6c2-f1b96d321930,187,187,187,What is Bastion Host Server - Learning Journal,Kailash Vetal,,,,,,true,https://www.learningjournal.guru/article/public-cloud-infrastructure/what-is-bastion-host-server/,"Dec 23, 2020 5:58 PM","Dec 23, 2020 6:40 PM",,
4b9ca49f-164e-4bcd-a4b4-b1c5c6c3cf93,4b9ca49f-164e-4bcd-a4b4-b1c5c6c3cf93,33,33,33,Database setup (Quick Start) | KeystoneJS,Kailash Vetal,,,,,,true,https://keystonejs.com/,"Dec 23, 2020 5:58 PM","Dec 23, 2020 6:40 PM",,
4eaedc74-6dec-467c-a247-234c45e7619c,4eaedc74-6dec-467c-a247-234c45e7619c,91,91,91,An Overview of Work Anxiety,Kailash Vetal,,,,,,true,https://www.verywellmind.com/work-anxiety-4692762,"Dec 23, 2020 5:58 PM","Dec 23, 2020 6:40 PM",,
d11c91f0-04f5-49d0-8c8d-61510e07a05a,d11c91f0-04f5-49d0-8c8d-61510e07a05a,43,43,43,I'm so confused about Empath,Kailash Vetal,,,,,,true,http://powerfulmind.co/im-so-confused/,"Dec 23, 2020 5:58 PM","Dec 23, 2020 6:40 PM",,
67484f0b-c00c-42ff-b4c2-4edbaf129e72,67484f0b-c00c-42ff-b4c2-4edbaf129e72,35,35,35,Known: social publishing for groups and individuals,Kailash Vetal,,,,,,true,https://withknown.com/,"Dec 23, 2020 5:58 PM","Dec 23, 2020 6:40 PM",,
b168cd91-81cb-4728-8482-ace4510697b6,b168cd91-81cb-4728-8482-ace4510697b6,68,68,68,Catalog of Refactorings,Kailash Vetal,,,,,,true,https://www.refactoring.com/catalog/,"Dec 23, 2020 5:58 PM","Dec 23, 2020 6:40 PM",,
a844ec09-7838-4c7f-a332-8697b9593853,a844ec09-7838-4c7f-a332-8697b9593853,161,161,161,Xeon vs i7 – What’s the difference? | Velocity Micro Blog,Kailash Vetal,,,,,,true,https://www.velocitymicro.com/blog/xeon-vs-i7i5-whats-difference/,"Dec 23, 2020 5:58 PM","Dec 23, 2020 6:40 PM",,
94aa7d04-092b-4035-86e6-05ee87ff5c10,94aa7d04-092b-4035-86e6-05ee87ff5c10,40,40,40,7.2. Database Modeling - Chapter 7. Database Integration,Kailash Vetal,,,,,,true,https://neo4j.com/docs/labs/apoc/current/database-integration/database-modeling/,"Dec 23, 2020 5:58 PM","Dec 23, 2020 6:40 PM",,
36a421af-082f-48ed-838c-c7e0e03d189f,36a421af-082f-48ed-838c-c7e0e03d189f,108,108,108,8 Best Odrive alternatives to access cloud storage services,Kailash Vetal,,,,,,true,https://www.how2shout.com/alternatives/best-odrive-alternatives/,"Dec 23, 2020 5:58 PM","Dec 23, 2020 6:40 PM",,
b0c9a7dd-87e2-4a22-bf7c-05a0e9115d4d,b0c9a7dd-87e2-4a22-bf7c-05a0e9115d4d,162,162,162,"TurnKey GNU/Linux | 100+ free ready-to-use system images for virtual machines, the cloud and bare metal",Kailash Vetal,,,,,,true,https://www.turnkeylinux.org/,"Dec 23, 2020 5:58 PM","Dec 23, 2020 6:42 PM",,
f8088ae7-1d89-48b1-845b-e9a6eeebff62,f8088ae7-1d89-48b1-845b-e9a6eeebff62,153,153,153,awesome-selfhosted/non-free.md at master · awesome-selfhosted/awesome-selfhosted,Kailash Vetal,,,,,,true,https://github.com/awesome-selfhosted/awesome-selfhosted/blob/master/non-free.md,"Dec 23, 2020 5:58 PM","Dec 23, 2020 6:40 PM",,
4dd5bf5e-551e-43fc-aba8-e30c2ca655d4,4dd5bf5e-551e-43fc-aba8-e30c2ca655d4,26,26,26,8.2. UUIDs - Chapter 8. Graph Updates,Kailash Vetal,,,,,,true,https://neo4j.com/docs/labs/apoc/current/graph-updates/uuid/,"Dec 23, 2020 5:58 PM","Dec 23, 2020 6:40 PM",,
3f9e3b17-ac71-40f7-86f2-57476fa20dc7,3f9e3b17-ac71-40f7-86f2-57476fa20dc7,48,48,48,12 SQL Client for Productive Database Administration & Development,Kailash Vetal,,,,,,true,https://geekflare.com/multi-platform-sql-client/amp/,"Dec 23, 2020 5:58 PM","Dec 23, 2020 6:40 PM",,
02beea6e-b116-43b2-b359-555f10ccc997,02beea6e-b116-43b2-b359-555f10ccc997,74,74,74,3 programming languages that were invented by Indian technologists,Kailash Vetal,,,,,,true,https://content.techgig.com/3-programming-languages-that-were-invented-by-indian-technologists/articleshow/75764949.cms,"Dec 23, 2020 5:58 PM","Dec 23, 2020 6:40 PM",,
0829a539-e4ea-4311-ae86-9f7a41d4ab43,0829a539-e4ea-4311-ae86-9f7a41d4ab43,112,112,112,Cozy Cloud - Community,Kailash Vetal,,,,,,true,https://cozy.io/en/community/,"Dec 23, 2020 5:58 PM","Dec 23, 2020 6:40 PM",,
1ccc54d0-2243-429c-b695-1674ca13fc76,1ccc54d0-2243-429c-b695-1674ca13fc76,140,140,140,NFS Share from Proxmox host | Proxmox Support Forum,Kailash Vetal,,,,,,true,https://forum.proxmox.com/threads/nfs-share-from-proxmox-host.20549/,"Dec 23, 2020 5:58 PM","Dec 23, 2020 6:40 PM",,
2010f797-c0c4-4758-8cea-6780162e717f,2010f797-c0c4-4758-8cea-6780162e717f,53,53,53,Neo4j: Cypher - Creating a time tree down to the day · Mark Needham,Kailash Vetal,,,,,,true,https://markhneedham.com/blog/2014/04/19/neo4j-cypher-creating-a-time-tree-down-to-the-day/,"Dec 23, 2020 5:58 PM","Dec 23, 2020 6:40 PM",,
131a89aa-a1e4-46e5-af0f-0387d60c2906,131a89aa-a1e4-46e5-af0f-0387d60c2906,95,95,95,Narhar Kurundkar Pratishthan,Kailash Vetal,,,,,,true,http://www.narharkurundkar.in/books/,"Dec 23, 2020 5:58 PM","Dec 23, 2020 6:40 PM",,
1042e1e3-fa6b-47bd-ad38-a85aeabf4a69,1042e1e3-fa6b-47bd-ad38-a85aeabf4a69,145,145,145,FreeNAS to NFS to Proxmox to SMB help | iXsystems Community,Kailash Vetal,,,,,,true,https://www.ixsystems.com/community/threads/freenas-to-nfs-to-proxmox-to-smb-help.83338/,"Dec 23, 2020 5:58 PM","Dec 23, 2020 6:40 PM",,
41aa33c1-7e3b-4722-b82b-49c45bcec555,41aa33c1-7e3b-4722-b82b-49c45bcec555,181,181,181,Small and Simple DDNS Client -,Kailash Vetal,,,,,,true,https://troglobit.com/projects/inadyn/,"Dec 23, 2020 5:58 PM","Dec 23, 2020 6:40 PM",,
17453929-ff93-4b3c-bd97-8c2f85a397b5,17453929-ff93-4b3c-bd97-8c2f85a397b5,89,89,89,8 Best Free and Open Source Digital Asset Management Software,Kailash Vetal,,,,,,true,https://www.goodfirms.co/blog/best-free-open-source-digital-asset-management-software,"Dec 23, 2020 5:58 PM","Dec 23, 2020 6:40 PM",,
bab68dbf-b16a-49e7-8eca-5aed614bfc9d,bab68dbf-b16a-49e7-8eca-5aed614bfc9d,198,198,198,How to manage hybrid teams — Quartz,Kailash Vetal,,,,,,true,https://qz.com/work/1948571/how-to-manage-hybrid-teams/,"Dec 23, 2020 5:58 PM","Dec 23, 2020 6:40 PM",,
3d4de4de-65f4-486b-87e9-c14955470c2a,3d4de4de-65f4-486b-87e9-c14955470c2a,87,87,87,Products & Books by — Sandi Metz,Kailash Vetal,,,,,,true,https://www.sandimetz.com/products,"Dec 23, 2020 5:58 PM","Dec 23, 2020 6:40 PM",,
9b9db56f-bc1c-4de6-a321-0ac13de71682,9b9db56f-bc1c-4de6-a321-0ac13de71682,60,60,60,Neo4j Knowledge Sheet - Google Drive,Kailash Vetal,,,,,,true,https://docs.google.com/spreadsheets/u/0/d/1X6DpFZoS01V1crgRED4dRz2UkbiYR8FJMPf9xey9Lwc/htmlview,"Dec 23, 2020 5:58 PM","Dec 23, 2020 6:40 PM",,
dbd724d1-ff50-4041-8189-1c8623278c4d,dbd724d1-ff50-4041-8189-1c8623278c4d,164,164,164,FreeNAS performance to Proxmox ZFS | ServeTheHome Forums,Kailash Vetal,,,,,,true,https://forums.servethehome.com/index.php?threads/freenas-performance-to-proxmox-zfs.22919/,"Dec 23, 2020 5:58 PM","Dec 23, 2020 6:40 PM",,
4b28c97f-83b7-4487-b50e-9dcab154eb0f,4b28c97f-83b7-4487-b50e-9dcab154eb0f,114,114,114,VeeR Experience Beta Sign up | VeeR VR,Kailash Vetal,2020-07-18,"Jul 18, 2020",,,,true,https://veer.tv/landing/experience,"Dec 23, 2020 5:58 PM","Dec 23, 2020 6:40 PM",,
2b4fc4f6-a0c6-46b5-b0c1-a2e4631ef4cc,2b4fc4f6-a0c6-46b5-b0c1-a2e4631ef4cc,116,116,116,"Elegant Objects ",Kailash Vetal,,,,,,true,https://www.yegor256.com/elegant-objects.html,"Dec 23, 2020 5:58 PM","Dec 23, 2020 6:40 PM",,
1e97381d-104c-4542-b219-42a4fa599553,1e97381d-104c-4542-b219-42a4fa599553,141,141,141,(149) FreeNAS 11.3 - How to Set Up Windows SMB Shares - YouTube,Kailash Vetal,,,,,,true,https://www.youtube.com/watch?time_continue=148&v=mCfX4sqDmzs&feature=emb_logo,"Dec 23, 2020 5:58 PM","Dec 23, 2020 6:40 PM",,
919c0f0d-f654-48f4-b87d-030d23508f53,919c0f0d-f654-48f4-b87d-030d23508f53,101,101,101,"Many teams believe they are doing Scrum, but are embracing Taylorism instead",Kailash Vetal,,,,,,true,https://medium.com/serious-scrum/many-teams-believe-they-are-doing-scrum-but-are-embracing-taylorism-instead-7969c222de6e,"Dec 23, 2020 5:58 PM","Dec 23, 2020 6:40 PM",,
fc185327-d7f4-4fda-bd34-c344a34d81da,fc185327-d7f4-4fda-bd34-c344a34d81da,57,57,57,neueda/awesome-neo4j: A curated list of Neo4j resources.,Kailash Vetal,,,,,,true,https://github.com/neueda/awesome-neo4j,"Dec 23, 2020 5:58 PM","Dec 23, 2020 6:40 PM",,
8e466601-07cb-4468-83f9-21bf015636d8,8e466601-07cb-4468-83f9-21bf015636d8,159,159,159,How to access personal computer or network without port forwarding – InfoRepublic.org,Kailash Vetal,,,,,,true,https://www.inforepublic.org/how-to-access-personal-computer-or-network-without-port-forwarding/,"Dec 23, 2020 5:58 PM","Dec 23, 2020 6:40 PM",,
083695c4-ca37-481b-a7a7-584b2ab16047,083695c4-ca37-481b-a7a7-584b2ab16047,133,133,133,Using tinc to access a home server – Jordan Crawford,Kailash Vetal,,,,,,true,https://jordancrawford.kiwi/setting-up-tinc/,"Dec 23, 2020 5:58 PM","Dec 23, 2020 6:40 PM",,
01fc5863-2c10-46b1-a813-9e9243b353a9,01fc5863-2c10-46b1-a813-9e9243b353a9,175,175,175,Developer Workstations with Proxmox VE and X11 - Proxmox VE,Kailash Vetal,,,,,,true,https://pve.proxmox.com/wiki/Developer_Workstations_with_Proxmox_VE_and_X11,"Dec 23, 2020 5:58 PM","Dec 23, 2020 6:40 PM",,
90725bf8-cd2a-407e-8de2-27c49cbab774,90725bf8-cd2a-407e-8de2-27c49cbab774,128,128,128,Productivity App - Shift,Kailash Vetal,,,,,,true,https://tryshift.com/features/,"Dec 23, 2020 5:58 PM","Dec 23, 2020 6:40 PM",,
b93248d3-6f04-480c-ada5-72da6921624a,b93248d3-6f04-480c-ada5-72da6921624a,178,178,178,Remote Display With the X - Window System | SoftPrayog,Kailash Vetal,,,,,,true,https://www.softprayog.in/troubleshooting/x-window-remote-display,"Dec 23, 2020 5:58 PM","Dec 23, 2020 6:40 PM",,
d344ae84-1da3-4764-9add-645d81effbd2,d344ae84-1da3-4764-9add-645d81effbd2,30,30,30,"Turtl, a very private Evernote alternative – Self-Hosted Web",Kailash Vetal,,,,,,true,https://selfhostedweb.org/turtl-a-very-private-evernote-alternative/,"Dec 23, 2020 5:58 PM","Dec 23, 2020 6:40 PM",,
50bcd947-0311-41bc-8456-23a7ab276210,50bcd947-0311-41bc-8456-23a7ab276210,177,177,177,Forged vs Stamped Knives: The Distinctions – Healthy Kitchen 101,Kailash Vetal,,,,,,true,https://healthykitchen101.com/forged-vs-stamped-knives/,"Dec 23, 2020 5:58 PM","Dec 23, 2020 6:40 PM",,
acd382e6-fe2a-43c7-a41a-38c4c5e61352,acd382e6-fe2a-43c7-a41a-38c4c5e61352,155,155,155,Cloudron - The best platform for running web apps,Kailash Vetal,,,,,,true,https://cloudron.io/index.html,"Dec 23, 2020 5:58 PM","Dec 23, 2020 6:40 PM",,
7fca3201-c430-48e6-8c5a-6ce16e23e6c5,7fca3201-c430-48e6-8c5a-6ce16e23e6c5,34,34,34,Tokumei · Anonymous microblogging,Kailash Vetal,,,,,,true,https://tokumei.co/,"Dec 23, 2020 5:58 PM","Dec 23, 2020 6:40 PM",,
be64d96d-a67d-4f3c-a36b-e66d9803dd6d,be64d96d-a67d-4f3c-a36b-e66d9803dd6d,165,165,165,"Trying to decide: FreeNAS, Unraid, Rockstor, Proxmox, etc. | ServeTheHome Forums",Kailash Vetal,,,,,,true,https://forums.servethehome.com/index.php?threads/trying-to-decide-freenas-unraid-rockstor-proxmox-etc.25107/,"Dec 23, 2020 5:58 PM","Dec 23, 2020 6:40 PM",,
f16930b6-c8b9-405d-b3aa-1fa720eb3d90,f16930b6-c8b9-405d-b3aa-1fa720eb3d90,144,144,144,CIFS vs SMB: What's the Difference?,Kailash Vetal,,,,,,true,https://www.varonis.com/blog/cifs-vs-smb/,"Dec 23, 2020 5:58 PM","Dec 23, 2020 6:40 PM",,
86ff7b7f-c519-44fe-b1a4-7a5e18da306e,86ff7b7f-c519-44fe-b1a4-7a5e18da306e,93,93,93,Design Patterns: Factory Method in C#,Kailash Vetal,,,,,,true,https://refactoring.guru/design-patterns/factory-method/csharp/example,"Dec 23, 2020 5:58 PM","Dec 23, 2020 6:45 PM",,
25a1f4b3-de1b-42e3-b58e-c9363701e854,25a1f4b3-de1b-42e3-b58e-c9363701e854,149,149,149,FreeNAS Tutorial: How to Setup iSCSI Drive Using FreeNAS | Pluralsight | Pluralsight,Kailash Vetal,,,,,,true,https://www.pluralsight.com/blog/software-development/how-to-setup-iscsi-drive-using-freenas,"Dec 23, 2020 5:58 PM","Dec 23, 2020 6:40 PM",,
2a51e67a-37dd-4a80-ae43-a959e61077fd,2a51e67a-37dd-4a80-ae43-a959e61077fd,182,182,182,The Hunt For the Ultimate Free Open Source NAS Distro,Kailash Vetal,,,,,,true,https://www.mondaiji.com/blog/other/it/10210-the-hunt-for-the-ultimate-free-open-source-nas-distro,"Dec 23, 2020 5:58 PM","Dec 23, 2020 6:40 PM",,
575ca2da-5977-4329-a34a-0e0cbbbb8c1d,575ca2da-5977-4329-a34a-0e0cbbbb8c1d,179,179,179,Configure SSH X11 Forwarding on Debian 10 – Linux Hint,Kailash Vetal,,,,,,true,https://linuxhint.com/configure_ssh_x11_forwarding_debian_10/,"Dec 23, 2020 5:58 PM","Dec 23, 2020 6:40 PM",,
81e92999-91f5-46a1-9a78-e1e07e53a0c1,81e92999-91f5-46a1-9a78-e1e07e53a0c1,139,139,139,(142) Homelab / Office Lab Open Source Virtualization XCP-NG & Proxmox Compared - YouTube,Kailash Vetal,,,,,,true,https://www.youtube.com/watch?v=5IinFgGAsRs,"Dec 23, 2020 5:58 PM","Dec 23, 2020 6:40 PM",,
55ae8577-908f-4263-b2ea-23ce3b662836,55ae8577-908f-4263-b2ea-23ce3b662836,134,134,134,How to Install Tinc and Set Up a Basic VPN on Ubuntu 18.04 | DigitalOcean,Kailash Vetal,,,,,,true,https://www.digitalocean.com/community/tutorials/how-to-install-tinc-and-set-up-a-basic-vpn-on-ubuntu-18-04,"Dec 23, 2020 5:58 PM","Dec 23, 2020 6:40 PM",,
c56c7dd0-796f-40b5-b9ec-bfe8a3203cea,c56c7dd0-796f-40b5-b9ec-bfe8a3203cea,39,39,39,"10 Places for Creative People to Build, Innovate and Invent",Kailash Vetal,,,,,,true,https://www.thebetterindia.com/53681/10-makerspaces-build-innovate-invent/amp/,"Dec 23, 2020 5:58 PM","Dec 23, 2020 6:40 PM",,
6c240827-5765-46a1-b060-f309195c2bfa,6c240827-5765-46a1-b060-f309195c2bfa,104,104,104,Open Source Growth Benchmarks and the 20 Fastest-Growing OSS Startups,Kailash Vetal,,,,,,true,https://medium.com/runacapital/open-source-growth-benchmarks-and-the-20-fastest-growing-oss-startups-d3556a669fe6,"Dec 23, 2020 5:58 PM","Dec 23, 2020 6:40 PM",,
b4ec75a9-3724-4e3e-9138-dc0f22410662,b4ec75a9-3724-4e3e-9138-dc0f22410662,123,123,123,Install Proxmox virtual machines with Terraform,Kailash Vetal,,,,,,true,https://norocketscience.at/provision-proxmox-virtual-machines-with-terraform/,"Dec 23, 2020 5:58 PM","Dec 23, 2020 6:40 PM",,
8e31bdc2-cabd-418f-be45-839740d4a4cc,8e31bdc2-cabd-418f-be45-839740d4a4cc,45,45,45,8 Best CMS for 2020 | Webdesigner Depot,Kailash Vetal,,,,,,true,https://www.webdesignerdepot.com/2020/05/8-best-cms-for-2020/,"Dec 23, 2020 5:58 PM","Dec 23, 2020 6:40 PM",,
23579b6b-6a71-4496-81f6-1b53c74b5fc1,23579b6b-6a71-4496-81f6-1b53c74b5fc1,82,82,82,Understand Legacy Code | Understand Legacy Code,Kailash Vetal,,,,,,true,https://understandlegacycode.com/,"Dec 23, 2020 5:58 PM","Dec 23, 2020 6:40 PM",,
6905635b-a7ce-4a9e-9dc0-9d3b3b7e861c,6905635b-a7ce-4a9e-9dc0-9d3b3b7e861c,90,90,90,Refactoring to Patterns,Kailash Vetal,,,,,software development,true,https://industriallogic.com/xp/refactoring/,"Dec 23, 2020 5:58 PM","Dec 23, 2020 6:40 PM",,
947f7be0-8be4-485b-8f52-523cec5dfbc4,947f7be0-8be4-485b-8f52-523cec5dfbc4,185,185,185,Robin Fischer,Kailash Vetal,,,,,,true,https://www.robinryf.com/,"Dec 23, 2020 5:58 PM","Dec 23, 2020 6:40 PM",,
d1022704-353f-402a-b6d5-53fcaafdef67,d1022704-353f-402a-b6d5-53fcaafdef67,122,122,122,Terraform by HashiCorp - Infrastructure as a Code,Kailash Vetal,,,,,,true,https://www.terraform.io/,"Dec 23, 2020 5:58 PM","Dec 23, 2020 6:40 PM",,
e9e8ee45-1b8e-4044-9e6b-3feee1e45114,e9e8ee45-1b8e-4044-9e6b-3feee1e45114,126,126,126,Linux Commands - LinuxConfig.org,Kailash Vetal,,,,,,true,https://linuxconfig.org/linux-commands,"Dec 23, 2020 5:58 PM","Dec 23, 2020 6:40 PM",,
c44fff45-4a98-447b-87ac-ddcc960368a6,c44fff45-4a98-447b-87ac-ddcc960368a6,23,23,23,"Building a portfolio site with Contentful, Next.js and Netlify",Kailash Vetal,,,,,,true,https://www.contentful.com/blog/2018/05/09/building-portfolio-website-contentful-nextjs-netlify/,"Dec 23, 2020 5:58 PM","Dec 23, 2020 6:40 PM",,
c2a09268-76ce-44d6-b783-1aa0ee252a1d,c2a09268-76ce-44d6-b783-1aa0ee252a1d,195,195,195,"Understanding SAN, NAS and DAS Storage Architecture & Get Started - Vanilla Video",Kailash Vetal,,,,,,true,https://vanillavideo.com/articles/understanding-storage-san-nas-das/,"Dec 23, 2020 5:58 PM","Dec 23, 2020 6:40 PM",,
efd4276d-524e-406e-82b9-72016db9f6fe,efd4276d-524e-406e-82b9-72016db9f6fe,83,83,83,Awesome/README.md at master · Awesome-Windows/Awesome,Kailash Vetal,,,,,,true,https://github.com/Awesome-Windows/Awesome/blob/master/README.md,"Dec 23, 2020 5:58 PM","Dec 23, 2020 6:40 PM",,
e6699ab2-baa2-4e4f-b30b-794a13c6687e,e6699ab2-baa2-4e4f-b30b-794a13c6687e,61,61,61,Neo4j-csv-import,Kailash Vetal,,,,,,true,https://neo4j-csv-import.herokuapp.com/,"Dec 23, 2020 5:58 PM","Dec 23, 2020 6:40 PM",,
3b4c37c2-e86e-44d3-ae96-3ee44b2237eb,3b4c37c2-e86e-44d3-ae96-3ee44b2237eb,88,88,88,Notes from 99 Bottles of OOP - Extreme Programming - Medium,Kailash Vetal,,,,,,true,https://medium.com/extreme-programming/notes-from-99-bottles-of-oop-5c902afd3948,"Dec 23, 2020 5:58 PM","Dec 23, 2020 6:40 PM",,
066b955a-16ec-4ab5-a200-2734ef915b44,066b955a-16ec-4ab5-a200-2734ef915b44,28,28,28,How to get started with Self-hosting | TechnicalNow.,Kailash Vetal,,,,,,true,https://technicalnow.in/tech/how-to-get-started-self-hosting/,"Dec 23, 2020 5:58 PM","Dec 23, 2020 6:40 PM",,
71aed526-0ec1-4d22-9392-10d2fd7eb182,71aed526-0ec1-4d22-9392-10d2fd7eb182,58,58,58,Integrating Neo4j data,Kailash Vetal,,,,,,true,https://docs.support.siren.io/10.3.4/platform/en/siren-investigate/data-reflection/integrating-neo4j-data.html,"Dec 23, 2020 5:58 PM","Dec 23, 2020 6:40 PM",,
6bd205d6-157d-4f8a-a7ca-72ab4452025b,6bd205d6-157d-4f8a-a7ca-72ab4452025b,102,102,102,Public Course Content: in Ironwood – Open edX,Kailash Vetal,,,,,,true,https://open.edx.org/blog/public-course-content-in-ironwood/,"Dec 23, 2020 5:58 PM","Dec 23, 2020 6:40 PM",,
2be5ca21-8264-4987-b93b-732fbe305790,2be5ca21-8264-4987-b93b-732fbe305790,130,130,130,SSH-Copy-ID for accessing Linux Servers from Windows | MangoLassi,Kailash Vetal,,,,,,true,https://mangolassi.it/topic/19626/ssh-copy-id-for-accessing-linux-servers-from-windows,"Dec 23, 2020 5:58 PM","Dec 23, 2020 6:40 PM",,
a1cdb1f6-5bcb-46fe-9b37-e4d4e3473a9d,a1cdb1f6-5bcb-46fe-9b37-e4d4e3473a9d,32,32,32,awesome-selfhosted/README.md at master · awesome-selfhosted/awesome-selfhosted,Kailash Vetal,,,,,,true,https://github.com/awesome-selfhosted/awesome-selfhosted/blob/master/README.md,"Dec 23, 2020 5:58 PM","Dec 23, 2020 6:40 PM",,
cca0dace-586a-4c71-bc5f-76783d6352bf,cca0dace-586a-4c71-bc5f-76783d6352bf,103,103,103,"[SOLVED] Is unity DEBUG preprocessor always defined? Yes, by design. - Unity Forum",Kailash Vetal,,,,,,true,https://forum.unity.com/threads/solved-is-unity-debug-preprocessor-always-defined-yes-by-design.400542/,"Dec 23, 2020 5:58 PM","Dec 23, 2020 6:40 PM",,
08bf59fc-b1a7-4730-ad56-42893abe0d4b,08bf59fc-b1a7-4730-ad56-42893abe0d4b,110,110,110,n8n Alternatives - Self Hosted Automation | LibHunt,Kailash Vetal,,,,,,true,https://selfhosted.libhunt.com/n8n-alternatives,"Dec 23, 2020 5:58 PM","Dec 23, 2020 6:40 PM",,
39a349ea-1209-4aa5-8872-b03cdb74556d,39a349ea-1209-4aa5-8872-b03cdb74556d,105,105,105,Top 10 Visual Studio Refactoring Tips - NDepend,Kailash Vetal,,,,,,true,https://blog.ndepend.com/top-10-visual-studio-refactoring-tips/,"Dec 23, 2020 5:58 PM","Dec 23, 2020 6:40 PM",,
26a9512c-faf0-49c8-a2f8-07f3818ca76a,26a9512c-faf0-49c8-a2f8-07f3818ca76a,118,118,118,Endxo - Curated tech search,Kailash Vetal,,,,,,true,https://endxo.com/self-hosted,"Dec 23, 2020 5:58 PM","Dec 23, 2020 6:40 PM",,
0887bb1f-5357-4723-84b3-621fc33db6e6,0887bb1f-5357-4723-84b3-621fc33db6e6,64,64,64,martinfowler.com,Kailash Vetal,,,,,,true,https://martinfowler.com/,"Dec 23, 2020 5:58 PM","Dec 23, 2020 6:40 PM",,
e5a15156-a9b2-431f-aaca-85d87fe269ff,e5a15156-a9b2-431f-aaca-85d87fe269ff,84,84,84,Wait But Why,Kailash Vetal,,,,,,true,https://waitbutwhy.com/,"Dec 23, 2020 5:58 PM","Dec 23, 2020 6:40 PM",,
1a11a915-3a08-4228-8000-881dfae49068,1a11a915-3a08-4228-8000-881dfae49068,98,98,98,Infinite procedurally generated city with the Wave Function Collapse algorithm | Marian's Blog,Kailash Vetal,,,,,,true,https://marian42.de/article/wfc/,"Dec 23, 2020 5:58 PM","Dec 23, 2020 6:40 PM",,
5a53e7ba-a125-4797-a6d7-3dbfe7f7d8ab,5a53e7ba-a125-4797-a6d7-3dbfe7f7d8ab,77,77,77,Vis Network Examples,Kailash Vetal,,,,,,true,https://visjs.github.io/vis-network/examples/,"Dec 23, 2020 5:58 PM","Dec 23, 2020 6:40 PM",,
fc70d194-fcce-4cd2-a2ce-0db6eca6e49f,fc70d194-fcce-4cd2-a2ce-0db6eca6e49f,75,75,75,"Pain, Trauma and Healing: 5 Steps for Creating a Self-care Routine to Regulate Your Nervous System",Kailash Vetal,,,,,,true,https://blogs.psychcentral.com/neurodivergent/2020/05/pain-trauma-and-healing-5-steps-for-creating-a-self-care-routine-to-regulate-your-nervous-system/,"Dec 23, 2020 5:58 PM","Dec 23, 2020 6:40 PM",,
c6354fe7-4244-4bce-9858-611a59acaf6f,c6354fe7-4244-4bce-9858-611a59acaf6f,67,67,67,Refactoring,Kailash Vetal,,,,,,true,https://www.refactoring.com/,"Dec 23, 2020 5:58 PM","Dec 23, 2020 6:40 PM",,
4ce39f1f-baf8-4247-846b-c01731bb1d66,4ce39f1f-baf8-4247-846b-c01731bb1d66,42,42,42,Functional Programming made easy in C# with Language-ext,Kailash Vetal,,,,,,true,https://medium.com/@yoan.thirion/functional-programming-made-easy-in-c-with-language-ext-c4e9d4a512ac,"Dec 23, 2020 5:58 PM","Dec 23, 2020 6:40 PM",,
f7baf6e2-1459-4bb8-9026-d87ff48dec54,f7baf6e2-1459-4bb8-9026-d87ff48dec54,73,73,73,git · devroom.io,Kailash Vetal,,,,,,true,https://www.devroom.io/tags/git/,"Dec 23, 2020 5:58 PM","Dec 23, 2020 6:40 PM",,
89626556-d226-4b69-8d11-43f6a15e3f25,89626556-d226-4b69-8d11-43f6a15e3f25,191,191,191,Ultimate Unity3D How-To Guide for Everything Addressable Assets | by Badger Dox | Medium,Kailash Vetal,,,,,,true,https://medium.com/@badgerdox/addressableassetsoverview-1da9b80a47dc,"Dec 23, 2020 5:58 PM","Dec 23, 2020 6:40 PM",,
b1c365b3-491a-49d7-a7fd-63e7c5c83e6e,b1c365b3-491a-49d7-a7fd-63e7c5c83e6e,189,189,189,c# - Calling Functions on Unity-Application embedded in Winforms-Application - Stack Overflow,Kailash Vetal,,,,,,true,https://stackoverflow.com/questions/48269904/calling-functions-on-unity-application-embedded-in-winforms-application,"Dec 23, 2020 5:58 PM","Dec 23, 2020 6:40 PM",,
51d5f6c6-9db0-47be-adb8-47691b5c2f46,51d5f6c6-9db0-47be-adb8-47691b5c2f46,81,81,81,The key points of Working Effectively with Legacy Code | Understand Legacy Code,Kailash Vetal,,,,,,true,https://understandlegacycode.com/blog/key-points-of-working-effectively-with-legacy-code/,"Dec 23, 2020 5:58 PM","Dec 23, 2020 6:40 PM",,
8e7e5203-4591-4ed4-ad4b-dda7b0a04848,8e7e5203-4591-4ed4-ad4b-dda7b0a04848,174,174,174,Best Graphics Cards - August 2020,Kailash Vetal,,,,,,true,https://benchmarks.ul.com/compare/best-gpus,"Dec 23, 2020 5:58 PM","Dec 23, 2020 6:40 PM",,
6775829e-27a6-4a3e-bdf9-b44ef715b5d7,6775829e-27a6-4a3e-bdf9-b44ef715b5d7,170,170,170,ZFS vs. EXT4 | QSAN Official Blog,Kailash Vetal,,,,,,true,"https://blog.qsan.com/zfs-vs-ext4/#:~:text=ZFS%20may%20be%20the%20best,one%20on%20the%20market%2C%20however.&text=ext4%2C%20we%20see%20two%20distinct,long%20term%20whereas%20ext4%20cannot.","Dec 23, 2020 5:58 PM","Dec 23, 2020 6:42 PM",,
c4813b2b-eb6c-48ea-8cff-dbe7fed00081,c4813b2b-eb6c-48ea-8cff-dbe7fed00081,79,79,79,Are NVMe drives as fast as RAM - M-Tech Laptops,Kailash Vetal,,,,,,true,http://www.m-techlaptops.com/ShopOnline/pc/How-to-boost-your-computers-speed-and-longevity-d67.htm,"Dec 23, 2020 5:58 PM","Dec 23, 2020 6:40 PM",,
1481fa68-7545-4703-af22-d18c5e94184d,1481fa68-7545-4703-af22-d18c5e94184d,52,52,52,(1) Is there any reason not to use OrientDB? Is there any reason to opt for MongoDB or Neo4j? - Quora,Kailash Vetal,,,,,,true,https://www.quora.com/Is-there-any-reason-not-to-use-OrientDB-Is-there-any-reason-to-opt-for-MongoDB-or-Neo4j,"Dec 23, 2020 5:58 PM","Dec 23, 2020 6:40 PM",,
5d67eec0-5b25-4a58-b484-6fce68f4c298,5d67eec0-5b25-4a58-b484-6fce68f4c298,41,41,41,13 GraphQL Tools and Libraries You Should Know in 2019,Kailash Vetal,,,,,,true,https://blog.bitsrc.io/13-graphql-tools-and-libraries-you-should-know-in-2019-e4b9005f6fc2,"Dec 23, 2020 5:58 PM","Dec 23, 2020 6:40 PM",,
364e2866-c7cf-4529-acf8-021fdfb7ab06,364e2866-c7cf-4529-acf8-021fdfb7ab06,27,27,27,"Strapi open source Node.js Headless CMS Build a blog using Strapi, React and Apollo",Kailash Vetal,2020-04-16,"Apr 16, 2020",,,,true,http://strapi.io/blog/build-a-blog-with-react-strapi-and-apollo,"Dec 23, 2020 5:58 PM","Dec 23, 2020 6:40 PM",,
5ffab449-22fe-44b1-83ce-d23dc5777702,5ffab449-22fe-44b1-83ce-d23dc5777702,51,51,51,"Picking A Graph Database: ArangoDB, Neo4j, or OrientDB | Keyhole Software",Kailash Vetal,,,,,,true,https://keyholesoftware.com/2019/09/23/picking-a-graph-database-arangodb-neo4j-or-orientdb/,"Dec 23, 2020 5:58 PM","Dec 23, 2020 6:40 PM",,
c7620f62-a431-48c3-8f06-500e6cf959e6,c7620f62-a431-48c3-8f06-500e6cf959e6,80,80,80,Graph Data Modeling Hall of Fame,Kailash Vetal,,,,,,true,http://graphdatamodeling.com/Graph%20Data%20Modeling/HallOfFame/DMHallOfFame.html,"Dec 23, 2020 5:58 PM","Dec 23, 2020 6:40 PM",,
15afd277-73e0-4607-8467-0c20be769d99,15afd277-73e0-4607-8467-0c20be769d99,148,148,148,FreeNAS vs unRAID – Linux Hint,Kailash Vetal,,,,,,true,https://linuxhint.com/freenas_vs_unraid/,"Dec 23, 2020 5:58 PM","Dec 23, 2020 6:40 PM",,
e003f94a-97b4-42bb-86d8-43a0c84bbddc,e003f94a-97b4-42bb-86d8-43a0c84bbddc,66,66,66,Coding Horror,Kailash Vetal,,,,,,true,https://blog.codinghorror.com/,"Dec 23, 2020 5:58 PM","Dec 23, 2020 6:40 PM",,
2d223cdc-6a66-440b-90d9-97200823d0df,2d223cdc-6a66-440b-90d9-97200823d0df,124,124,124,Self Hosted Legal Declaration,Kailash Vetal,,,,,software development,true,https://norocketscience.at/legal/,"Dec 23, 2020 5:58 PM","Dec 23, 2020 6:40 PM",,Blog
a5cf63fb-c63a-4613-a78a-691a5b8ff7b7,a5cf63fb-c63a-4613-a78a-691a5b8ff7b7,76,76,76,Microsoft and Open Source: An unofficial timeline,Kailash Vetal,,,,,,true,https://boxofcables.dev/microsoft-and-open-source-an-unofficial-timeline/,"Dec 23, 2020 5:58 PM","Dec 23, 2020 6:40 PM",,
3f10a95a-4d77-41e6-8483-14f5636bb0fc,3f10a95a-4d77-41e6-8483-14f5636bb0fc,167,167,167,10 tools to connect to wireless networks in Linux - TechRepublic,Kailash Vetal,,,,,,true,https://www.techrepublic.com/blog/10-things/10-tools-to-connect-to-wireless-networks-in-linux/,"Dec 23, 2020 5:58 PM","Dec 23, 2020 6:40 PM",,
6eb637ae-34b3-4d23-a7b8-6e1407ed7ba2,6eb637ae-34b3-4d23-a7b8-6e1407ed7ba2,119,119,119,Selfhosted Dynamic DNS NO-IP,Kailash Vetal,,,,,,true,https://ddns.pboehm.de/#,"Dec 23, 2020 5:58 PM","Dec 23, 2020 6:40 PM",,
5b3905b9-0a8c-486c-804a-e72002f4265a,5b3905b9-0a8c-486c-804a-e72002f4265a,169,169,169,Which Linux File System Should You Use?,Kailash Vetal,,,,,,true,https://www.howtogeek.com/howto/33552/htg-explains-which-linux-file-system-should-you-choose/,"Dec 23, 2020 5:58 PM","Dec 23, 2020 6:40 PM",,
975b8778-48e2-4ec2-a217-447614bc63cb,975b8778-48e2-4ec2-a217-447614bc63cb,70,70,70,Design Patterns & Refactoring,Kailash Vetal,,,,,,true,https://sourcemaking.com/,"Dec 23, 2020 5:58 PM","Dec 23, 2020 6:40 PM",,
a5ed9507-c9ae-45b6-9109-506f66f98e7f,a5ed9507-c9ae-45b6-9109-506f66f98e7f,158,158,158,FreeRDP - Product,Kailash Vetal,,,,,,true,http://www.freerdp.com/,"Dec 23, 2020 5:58 PM","Dec 23, 2020 6:40 PM",,
ba5b8382-6ec4-4668-8113-e4c48a352aaf,ba5b8382-6ec4-4668-8113-e4c48a352aaf,31,31,31,"Paperwork | Paperwork is an open-source, self-hosted alternative to services like Evernote ®, Microsoft OneNote ® or Google Keep ®",Kailash Vetal,,,,,,true,https://paperwork.cloud/,"Dec 23, 2020 5:58 PM","Dec 23, 2020 6:40 PM",,
5e61f10e-5475-4196-951f-953fbee14212,5e61f10e-5475-4196-951f-953fbee14212,100,100,100,Dual Boot is Dead: Windows and Linux are now One. - Towards Data Science,Kailash Vetal,,,,,,true,https://towardsdatascience.com/dual-boot-is-dead-windows-and-linux-are-now-one-27555902a128,"Dec 23, 2020 5:58 PM","Dec 23, 2020 6:40 PM",,
3af66f9c-2ece-4455-8e3f-b188e9575e31,3af66f9c-2ece-4455-8e3f-b188e9575e31,96,96,96,Promoted from Dev to Team Lead: 8 Things They Didn’t Tell Me - DZone Agile,Kailash Vetal,,,,,,true,https://dzone.com/articles/promoted-from-dev-to-team-lead-8-things-they-didnt,"Dec 23, 2020 5:58 PM","Dec 23, 2020 6:40 PM",,
d7077244-adae-47a8-a25d-c9f5066567c3,d7077244-adae-47a8-a25d-c9f5066567c3,24,24,24,How-To: Import CSV Data with Neo4j Desktop - Neo4j Graph Database Platform,Kailash Vetal,2020-04-13,"Apr 13, 2020",,,,true,https://neo4j.com/developer/desktop-csv-import/,"Dec 23, 2020 5:58 PM","Dec 23, 2020 6:40 PM",,
202a9233-f3ce-402b-a9e7-918cf2744c7a,202a9233-f3ce-402b-a9e7-918cf2744c7a,54,54,54,Bruggen Blog: Using LoadCSV to Import data from Google Spreadsheet,Kailash Vetal,,,,,,true,http://blog.bruggen.com/2014/07/using-loadcsv-to-import-data-from.html,"Dec 23, 2020 5:58 PM","Dec 23, 2020 6:40 PM",,
f0d1f546-bb22-46ad-b175-26a12dea80d2,f0d1f546-bb22-46ad-b175-26a12dea80d2,63,63,63,State by state: Where and when can I travel within Germany? - The Local,Kailash Vetal,,,,,,true,https://www.thelocal.de/20200512/state-by-state-where-can-i-travel-within-germany-and-when,"Dec 23, 2020 5:58 PM","Dec 23, 2020 6:40 PM",,
dca31939-663f-4f85-b816-0b9b0f141dd9,dca31939-663f-4f85-b816-0b9b0f141dd9,69,69,69,Code Smells,Kailash Vetal,,,,,,true,https://sourcemaking.com/refactoring/smells,"Dec 23, 2020 5:58 PM","Dec 23, 2020 6:40 PM",,
44934de2-63c7-4b28-8ed7-8c8537e47dae,44934de2-63c7-4b28-8ed7-8c8537e47dae,193,193,193,Medha Patkar - Brief Analysis on personality,Kailash Vetal,,,,,,true,http://kolaj.in/published_article.php?v=article-by-heramb-kulkarni-on-medha-patkar-on-her-birthdayNP5867716,"Dec 23, 2020 5:58 PM","Dec 23, 2020 6:40 PM",,
95cc381f-9f12-43f7-9197-64c66d371406,95cc381f-9f12-43f7-9197-64c66d371406,62,62,62,(22) LiveCoding - The Universe Within - Part 2 - YouTube,Kailash Vetal,,,,,,true,https://www.youtube.com/watch?v=KGJUl8Teipk,"Dec 23, 2020 5:58 PM","Dec 23, 2020 6:40 PM",,
b9ac300f-a388-4ddb-bd6c-ec3bf1d57249,b9ac300f-a388-4ddb-bd6c-ec3bf1d57249,111,111,111,jai programming language resources and information,Kailash Vetal,,,,,,true,https://inductive.no/jai/,"Dec 23, 2020 5:58 PM","Dec 23, 2020 6:40 PM",,
0a60ec7d-0d0f-44a8-9e1f-b7510586a82a,0a60ec7d-0d0f-44a8-9e1f-b7510586a82a,99,99,99,Docker: You Are Doing it Wrong - Towards Data Science,Kailash Vetal,,,,,,true,https://towardsdatascience.com/docker-you-are-doing-it-wrong-e703075dd67b,"Dec 23, 2020 5:58 PM","Dec 23, 2020 6:40 PM",,
62e65748-9ac5-4977-ad41-9cd4c11740ac,62e65748-9ac5-4977-ad41-9cd4c11740ac,146,146,146,Quick tip Download an iso directly in Proxmox | ServeTheHome Forums,Kailash Vetal,,,,,,true,https://forums.servethehome.com/index.php?threads/quick-tip-download-an-iso-directly-in-proxmox.5564/,"Dec 23, 2020 5:58 PM","Dec 23, 2020 6:40 PM",,
c3c59d8e-b54a-4bde-8fa6-eb11a10d5ace,c3c59d8e-b54a-4bde-8fa6-eb11a10d5ace,154,154,154,LXC vs Docker: Why Docker is Better,Kailash Vetal,,,,,,true,https://www.upguard.com/blog/docker-vs-lxc,"Dec 23, 2020 5:58 PM","Dec 23, 2020 6:40 PM",,
2e2aad88-9cd3-4438-92e6-dc0c0d0f8eb1,2e2aad88-9cd3-4438-92e6-dc0c0d0f8eb1,56,56,56,Spreadsheets Are Graphs Too! - Neo4j Graph Database Platform,Kailash Vetal,,,,,,true,https://neo4j.com/blog/spreadsheets-are-graphs-too/,"Dec 23, 2020 5:58 PM","Dec 23, 2020 6:40 PM",,
80a1f193-f4dd-4f6d-a42f-774a5a0bdf31,80a1f193-f4dd-4f6d-a42f-774a5a0bdf31,47,47,47,5 Principles for Minimalism in Web Design | Medium | UX Collective,Kailash Vetal,,,,,,true,https://uxdesign.cc/minimalist-web-design-5-principles-for-minimalism-in-web-design-4a7d4be5d93f,"Dec 23, 2020 5:58 PM","Dec 23, 2020 6:40 PM",,
,,,,,,Kailash Vetal,,,,,,true,,"Dec 23, 2020 6:42 PM","Dec 23, 2020 6:42 PM",,